icon,iconColor,occId,cssClass
engineering_icon.svg,#1F61B6,17-3021.00,engineering_icon
engineering_icon.svg,#1F61B6,17-2011.00,engineering_icon
engineering_icon.svg,#1F61B6,17-2021.00,engineering_icon
engineering_icon.svg,#1F61B6,17-1011.00,engineering_icon
engineering_icon.svg,#1F61B6,17-3011.00,engineering_icon
engineering_icon.svg,#1F61B6,17-3011.01,engineering_icon
engineering_icon.svg,#1F61B6,17-3027.01,engineering_icon
engineering_icon.svg,#1F61B6,17-2141.02,engineering_icon
engineering_icon.svg,#1F61B6,17-2199.01,engineering_icon
engineering_icon.svg,#1F61B6,17-2031.00,engineering_icon
engineering_icon.svg,#1F61B6,17-1021.00,engineering_icon
engineering_icon.svg,#1F61B6,17-2041.00,engineering_icon
engineering_icon.svg,#1F61B6,17-3011.02,engineering_icon
engineering_icon.svg,#1F61B6,17-3022.00,engineering_icon
engineering_icon.svg,#1F61B6,17-2051.00,engineering_icon
engineering_icon.svg,#1F61B6,17-2061.00,engineering_icon
engineering_icon.svg,#1F61B6,17-3019.00,engineering_icon
engineering_icon.svg,#1F61B6,17-3023.00,engineering_icon
engineering_icon.svg,#1F61B6,17-3012.00,engineering_icon
engineering_icon.svg,#1F61B6,17-3012.02,engineering_icon
engineering_icon.svg,#1F61B6,17-3023.03,engineering_icon
engineering_icon.svg,#1F61B6,17-3029.02,engineering_icon
engineering_icon.svg,#1F61B6,17-2071.00,engineering_icon
engineering_icon.svg,#1F61B6,17-3024.00,engineering_icon
engineering_icon.svg,#1F61B6,17-3029.03,engineering_icon
engineering_icon.svg,#1F61B6,17-3012.01,engineering_icon
engineering_icon.svg,#1F61B6,17-3023.01,engineering_icon
engineering_icon.svg,#1F61B6,17-3029.04,engineering_icon
engineering_icon.svg,#1F61B6,17-2072.00,engineering_icon
engineering_icon.svg,#1F61B6,17-2199.03,engineering_icon
engineering_icon.svg,#1F61B6,17-3029.00,engineering_icon
engineering_icon.svg,#1F61B6,17-2199.00,engineering_icon
engineering_icon.svg,#1F61B6,17-3025.00,engineering_icon
engineering_icon.svg,#1F61B6,17-2081.00,engineering_icon
engineering_icon.svg,#1F61B6,17-2111.02,engineering_icon
engineering_icon.svg,#1F61B6,17-2141.01,engineering_icon
engineering_icon.svg,#1F61B6,17-3029.10,engineering_icon
engineering_icon.svg,#1F61B6,17-1022.01,engineering_icon
engineering_icon.svg,#1F61B6,17-2111.00,engineering_icon
engineering_icon.svg,#1F61B6,17-2112.01,engineering_icon
engineering_icon.svg,#1F61B6,17-3026.00,engineering_icon
engineering_icon.svg,#1F61B6,17-3029.05,engineering_icon
engineering_icon.svg,#1F61B6,17-2112.00,engineering_icon
engineering_icon.svg,#1F61B6,17-2111.01,engineering_icon
engineering_icon.svg,#1F61B6,17-1012.00,engineering_icon
engineering_icon.svg,#1F61B6,17-3029.06,engineering_icon
engineering_icon.svg,#1F61B6,17-2199.04,engineering_icon
engineering_icon.svg,#1F61B6,17-3029.09,engineering_icon
engineering_icon.svg,#1F61B6,17-3031.02,engineering_icon
engineering_icon.svg,#1F61B6,17-2121.02,engineering_icon
engineering_icon.svg,#1F61B6,17-2121.01,engineering_icon
engineering_icon.svg,#1F61B6,17-2121.00,engineering_icon
engineering_icon.svg,#1F61B6,17-2131.00,engineering_icon
engineering_icon.svg,#1F61B6,17-3013.00,engineering_icon
engineering_icon.svg,#1F61B6,17-3027.00,engineering_icon
engineering_icon.svg,#1F61B6,17-3029.07,engineering_icon
engineering_icon.svg,#1F61B6,17-2141.00,engineering_icon
engineering_icon.svg,#1F61B6,17-2199.05,engineering_icon
engineering_icon.svg,#1F61B6,17-2199.06,engineering_icon
engineering_icon.svg,#1F61B6,17-2151.00,engineering_icon
engineering_icon.svg,#1F61B6,17-2199.09,engineering_icon
engineering_icon.svg,#1F61B6,17-3029.12,engineering_icon
engineering_icon.svg,#1F61B6,17-3029.11,engineering_icon
engineering_icon.svg,#1F61B6,17-3029.01,engineering_icon
engineering_icon.svg,#1F61B6,17-2161.00,engineering_icon
engineering_icon.svg,#1F61B6,17-2171.00,engineering_icon
engineering_icon.svg,#1F61B6,17-2199.07,engineering_icon
engineering_icon.svg,#1F61B6,17-3029.08,engineering_icon
engineering_icon.svg,#1F61B6,17-2111.03,engineering_icon
engineering_icon.svg,#1F61B6,17-2072.01,engineering_icon
engineering_icon.svg,#1F61B6,17-2199.08,engineering_icon
engineering_icon.svg,#1F61B6,17-3024.01,engineering_icon
engineering_icon.svg,#1F61B6,17-2199.11,engineering_icon
engineering_icon.svg,#1F61B6,17-3031.00,engineering_icon
engineering_icon.svg,#1F61B6,17-3031.01,engineering_icon
engineering_icon.svg,#1F61B6,17-1022.00,engineering_icon
engineering_icon.svg,#1F61B6,17-2051.01,engineering_icon
engineering_icon.svg,#1F61B6,17-2199.02,engineering_icon
engineering_icon.svg,#1F61B6,17-2081.01,engineering_icon
engineering_icon.svg,#1F61B6,17-2199.10,engineering_icon
media_icon.svg,#9E0AB6,27-2011.00,media_icon
media_icon.svg,#9E0AB6,27-1011.00,media_icon
media_icon.svg,#9E0AB6,27-1019.00,media_icon
media_icon.svg,#9E0AB6,27-2021.00,media_icon
media_icon.svg,#9E0AB6,27-4011.00,media_icon
media_icon.svg,#9E0AB6,27-3021.00,media_icon
media_icon.svg,#9E0AB6,27-4012.00,media_icon
media_icon.svg,#9E0AB6,27-4031.00,media_icon
media_icon.svg,#9E0AB6,27-2032.00,media_icon
media_icon.svg,#9E0AB6,27-2022.00,media_icon
media_icon.svg,#9E0AB6,27-1021.00,media_icon
media_icon.svg,#9E0AB6,27-3043.04,media_icon
media_icon.svg,#9E0AB6,27-1012.00,media_icon
media_icon.svg,#9E0AB6,27-2031.00,media_icon
media_icon.svg,#9E0AB6,27-1029.00,media_icon
media_icon.svg,#9E0AB6,27-2012.02,media_icon
media_icon.svg,#9E0AB6,27-3041.00,media_icon
media_icon.svg,#9E0AB6,27-2099.00,media_icon
media_icon.svg,#9E0AB6,27-1022.00,media_icon
media_icon.svg,#9E0AB6,27-4032.00,media_icon
media_icon.svg,#9E0AB6,27-1013.00,media_icon
media_icon.svg,#9E0AB6,27-1023.00,media_icon
media_icon.svg,#9E0AB6,27-1024.00,media_icon
media_icon.svg,#9E0AB6,27-1025.00,media_icon
media_icon.svg,#9E0AB6,27-3091.00,media_icon
media_icon.svg,#9E0AB6,27-4099.00,media_icon
media_icon.svg,#9E0AB6,27-3099.00,media_icon
media_icon.svg,#9E0AB6,27-1026.00,media_icon
media_icon.svg,#9E0AB6,27-1014.00,media_icon
media_icon.svg,#9E0AB6,27-2041.04,media_icon
media_icon.svg,#9E0AB6,27-2041.01,media_icon
media_icon.svg,#9E0AB6,27-2041.00,media_icon
media_icon.svg,#9E0AB6,27-2042.00,media_icon
media_icon.svg,#9E0AB6,27-2042.02,media_icon
media_icon.svg,#9E0AB6,27-4021.00,media_icon
media_icon.svg,#9E0AB6,27-3043.05,media_icon
media_icon.svg,#9E0AB6,27-2012.01,media_icon
media_icon.svg,#9E0AB6,27-2012.00,media_icon
media_icon.svg,#9E0AB6,27-2012.03,media_icon
media_icon.svg,#9E0AB6,27-3012.00,media_icon
media_icon.svg,#9E0AB6,27-3031.00,media_icon
media_icon.svg,#9E0AB6,27-3011.00,media_icon
media_icon.svg,#9E0AB6,27-4013.00,media_icon
media_icon.svg,#9E0AB6,27-3022.00,media_icon
media_icon.svg,#9E0AB6,27-1027.00,media_icon
media_icon.svg,#9E0AB6,27-2042.01,media_icon
media_icon.svg,#9E0AB6,27-4014.00,media_icon
media_icon.svg,#9E0AB6,27-2012.04,media_icon
media_icon.svg,#9E0AB6,27-2012.05,media_icon
media_icon.svg,#9E0AB6,27-3042.00,media_icon
media_icon.svg,#9E0AB6,27-2023.00,media_icon
media_icon.svg,#9E0AB6,27-3043.00,media_icon
maintenance_icon.svg,#965600,37-2019.00,maintenance_icon
maintenance_icon.svg,#965600,37-1011.00,maintenance_icon
maintenance_icon.svg,#965600,37-1012.00,maintenance_icon
maintenance_icon.svg,#965600,37-3019.00,maintenance_icon
maintenance_icon.svg,#965600,37-2011.00,maintenance_icon
maintenance_icon.svg,#965600,37-3011.00,maintenance_icon
maintenance_icon.svg,#965600,37-2012.00,maintenance_icon
maintenance_icon.svg,#965600,37-2021.00,maintenance_icon
maintenance_icon.svg,#965600,37-3012.00,maintenance_icon
maintenance_icon.svg,#965600,37-3013.00,maintenance_icon
operations_icon.svg,#42AE99,13-2011.01,operations_icon
operations_icon.svg,#42AE99,13-2011.00,operations_icon
operations_icon.svg,#42AE99,13-1011.00,operations_icon
operations_icon.svg,#42AE99,13-2021.00,operations_icon
operations_icon.svg,#42AE99,13-2021.02,operations_icon
operations_icon.svg,#42AE99,13-2021.01,operations_icon
operations_icon.svg,#42AE99,13-2011.02,operations_icon
operations_icon.svg,#42AE99,13-2031.00,operations_icon
operations_icon.svg,#42AE99,13-1199.04,operations_icon
operations_icon.svg,#42AE99,13-1199.00,operations_icon
operations_icon.svg,#42AE99,13-1021.00,operations_icon
operations_icon.svg,#42AE99,13-1031.00,operations_icon
operations_icon.svg,#42AE99,13-1031.01,operations_icon
operations_icon.svg,#42AE99,13-1141.00,operations_icon
operations_icon.svg,#42AE99,13-1041.00,operations_icon
operations_icon.svg,#42AE99,13-1041.06,operations_icon
operations_icon.svg,#42AE99,13-1051.00,operations_icon
operations_icon.svg,#42AE99,13-2041.00,operations_icon
operations_icon.svg,#42AE99,13-2071.00,operations_icon
operations_icon.svg,#42AE99,13-1199.03,operations_icon
operations_icon.svg,#42AE99,13-1199.01,operations_icon
operations_icon.svg,#42AE99,13-1041.01,operations_icon
operations_icon.svg,#42AE99,13-1041.03,operations_icon
operations_icon.svg,#42AE99,13-1074.00,operations_icon
operations_icon.svg,#42AE99,13-2051.00,operations_icon
operations_icon.svg,#42AE99,13-2061.00,operations_icon
operations_icon.svg,#42AE99,13-2099.01,operations_icon
operations_icon.svg,#42AE99,13-2099.00,operations_icon
operations_icon.svg,#42AE99,13-2099.04,operations_icon
operations_icon.svg,#42AE99,13-1131.00,operations_icon
operations_icon.svg,#42AE99,13-1041.04,operations_icon
operations_icon.svg,#42AE99,13-1071.00,operations_icon
operations_icon.svg,#42AE99,13-1031.02,operations_icon
operations_icon.svg,#42AE99,13-1032.00,operations_icon
operations_icon.svg,#42AE99,13-2053.00,operations_icon
operations_icon.svg,#42AE99,13-2099.03,operations_icon
operations_icon.svg,#42AE99,13-1075.00,operations_icon
operations_icon.svg,#42AE99,13-1041.02,operations_icon
operations_icon.svg,#42AE99,13-2071.01,operations_icon
operations_icon.svg,#42AE99,13-2072.00,operations_icon
operations_icon.svg,#42AE99,13-1081.00,operations_icon
operations_icon.svg,#42AE99,13-1081.02,operations_icon
operations_icon.svg,#42AE99,13-1081.01,operations_icon
operations_icon.svg,#42AE99,13-1111.00,operations_icon
operations_icon.svg,#42AE99,13-1161.00,operations_icon
operations_icon.svg,#42AE99,13-1121.00,operations_icon
operations_icon.svg,#42AE99,13-1199.06,operations_icon
operations_icon.svg,#42AE99,13-2052.00,operations_icon
operations_icon.svg,#42AE99,13-1023.00,operations_icon
operations_icon.svg,#42AE99,13-1041.07,operations_icon
operations_icon.svg,#42AE99,13-2099.02,operations_icon
operations_icon.svg,#42AE99,13-1199.02,operations_icon
operations_icon.svg,#42AE99,13-1199.05,operations_icon
operations_icon.svg,#42AE99,13-2081.00,operations_icon
operations_icon.svg,#42AE99,13-2082.00,operations_icon
operations_icon.svg,#42AE99,13-1151.00,operations_icon
operations_icon.svg,#42AE99,13-1022.00,operations_icon
social_service_icon.svg,#AE6976,21-1021.00,social_service_icon
social_service_icon.svg,#AE6976,21-2011.00,social_service_icon
social_service_icon.svg,#AE6976,21-1099.00,social_service_icon
social_service_icon.svg,#AE6976,21-1094.00,social_service_icon
social_service_icon.svg,#AE6976,21-1019.00,social_service_icon
social_service_icon.svg,#AE6976,21-2021.00,social_service_icon
social_service_icon.svg,#AE6976,21-1012.00,social_service_icon
social_service_icon.svg,#AE6976,21-1091.00,social_service_icon
social_service_icon.svg,#AE6976,21-1022.00,social_service_icon
social_service_icon.svg,#AE6976,21-1013.00,social_service_icon
social_service_icon.svg,#AE6976,21-1023.00,social_service_icon
social_service_icon.svg,#AE6976,21-1014.00,social_service_icon
social_service_icon.svg,#AE6976,21-1092.00,social_service_icon
social_service_icon.svg,#AE6976,21-1015.00,social_service_icon
social_service_icon.svg,#AE6976,21-2099.00,social_service_icon
social_service_icon.svg,#AE6976,21-1093.00,social_service_icon
social_service_icon.svg,#AE6976,21-1029.00,social_service_icon
social_service_icon.svg,#AE6976,21-1011.00,social_service_icon
technology_icon.svg,#6D83AE,15-2011.00,technology_icon
technology_icon.svg,#6D83AE,15-2041.01,technology_icon
technology_icon.svg,#6D83AE,15-1199.08,technology_icon
technology_icon.svg,#6D83AE,15-2041.02,technology_icon
technology_icon.svg,#6D83AE,15-1111.00,technology_icon
technology_icon.svg,#6D83AE,15-1143.00,technology_icon
technology_icon.svg,#6D83AE,15-1152.00,technology_icon
technology_icon.svg,#6D83AE,15-1199.00,technology_icon
technology_icon.svg,#6D83AE,15-1131.00,technology_icon
technology_icon.svg,#6D83AE,15-1121.00,technology_icon
technology_icon.svg,#6D83AE,15-1199.02,technology_icon
technology_icon.svg,#6D83AE,15-1151.00,technology_icon
technology_icon.svg,#6D83AE,15-1199.07,technology_icon
technology_icon.svg,#6D83AE,15-1141.00,technology_icon
technology_icon.svg,#6D83AE,15-1199.06,technology_icon
technology_icon.svg,#6D83AE,15-1199.12,technology_icon
technology_icon.svg,#6D83AE,15-1199.05,technology_icon
technology_icon.svg,#6D83AE,15-1199.04,technology_icon
technology_icon.svg,#6D83AE,15-1121.01,technology_icon
technology_icon.svg,#6D83AE,15-1122.00,technology_icon
technology_icon.svg,#6D83AE,15-1199.09,technology_icon
technology_icon.svg,#6D83AE,15-2099.00,technology_icon
technology_icon.svg,#6D83AE,15-2091.00,technology_icon
technology_icon.svg,#6D83AE,15-2021.00,technology_icon
technology_icon.svg,#6D83AE,15-1142.00,technology_icon
technology_icon.svg,#6D83AE,15-2031.00,technology_icon
technology_icon.svg,#6D83AE,15-1199.10,technology_icon
technology_icon.svg,#6D83AE,15-1132.00,technology_icon
technology_icon.svg,#6D83AE,15-1133.00,technology_icon
technology_icon.svg,#6D83AE,15-1199.01,technology_icon
technology_icon.svg,#6D83AE,15-2041.00,technology_icon
technology_icon.svg,#6D83AE,15-1143.01,technology_icon
technology_icon.svg,#6D83AE,15-1199.11,technology_icon
technology_icon.svg,#6D83AE,15-1199.03,technology_icon
technology_icon.svg,#6D83AE,15-1134.00,technology_icon
construction_icon.svg,#ED6B0E,47-2011.00,construction_icon
construction_icon.svg,#ED6B0E,47-2021.00,construction_icon
construction_icon.svg,#ED6B0E,47-2031.00,construction_icon
construction_icon.svg,#ED6B0E,47-2041.00,construction_icon
construction_icon.svg,#ED6B0E,47-2051.00,construction_icon
construction_icon.svg,#ED6B0E,47-4011.00,construction_icon
construction_icon.svg,#ED6B0E,47-4099.00,construction_icon
construction_icon.svg,#ED6B0E,47-2031.01,construction_icon
construction_icon.svg,#ED6B0E,47-2061.00,construction_icon
construction_icon.svg,#ED6B0E,47-5041.00,construction_icon
construction_icon.svg,#ED6B0E,47-5011.00,construction_icon
construction_icon.svg,#ED6B0E,47-2081.00,construction_icon
construction_icon.svg,#ED6B0E,47-5021.00,construction_icon
construction_icon.svg,#ED6B0E,47-2111.00,construction_icon
construction_icon.svg,#ED6B0E,47-4021.00,construction_icon
construction_icon.svg,#ED6B0E,47-5031.00,construction_icon
construction_icon.svg,#ED6B0E,47-5099.00,construction_icon
construction_icon.svg,#ED6B0E,47-4031.00,construction_icon
construction_icon.svg,#ED6B0E,47-1011.00,construction_icon
construction_icon.svg,#ED6B0E,47-2042.00,construction_icon
construction_icon.svg,#ED6B0E,47-2043.00,construction_icon
construction_icon.svg,#ED6B0E,47-2121.00,construction_icon
construction_icon.svg,#ED6B0E,47-4041.00,construction_icon
construction_icon.svg,#ED6B0E,47-3019.00,construction_icon
construction_icon.svg,#ED6B0E,47-3011.00,construction_icon
construction_icon.svg,#ED6B0E,47-3012.00,construction_icon
construction_icon.svg,#ED6B0E,47-3013.00,construction_icon
construction_icon.svg,#ED6B0E,47-5081.00,construction_icon
construction_icon.svg,#ED6B0E,47-3014.00,construction_icon
construction_icon.svg,#ED6B0E,47-3015.00,construction_icon
construction_icon.svg,#ED6B0E,47-3016.00,construction_icon
construction_icon.svg,#ED6B0E,47-4051.00,construction_icon
construction_icon.svg,#ED6B0E,47-2131.00,construction_icon
construction_icon.svg,#ED6B0E,47-2132.00,construction_icon
construction_icon.svg,#ED6B0E,47-5042.00,construction_icon
construction_icon.svg,#ED6B0E,47-5049.00,construction_icon
construction_icon.svg,#ED6B0E,47-2073.00,construction_icon
construction_icon.svg,#ED6B0E,47-2141.00,construction_icon
construction_icon.svg,#ED6B0E,47-2142.00,construction_icon
construction_icon.svg,#ED6B0E,47-2071.00,construction_icon
construction_icon.svg,#ED6B0E,47-2072.00,construction_icon
construction_icon.svg,#ED6B0E,47-2152.01,construction_icon
construction_icon.svg,#ED6B0E,47-2151.00,construction_icon
construction_icon.svg,#ED6B0E,47-2161.00,construction_icon
construction_icon.svg,#ED6B0E,47-2152.02,construction_icon
construction_icon.svg,#ED6B0E,47-2152.00,construction_icon
construction_icon.svg,#ED6B0E,47-4061.00,construction_icon
construction_icon.svg,#ED6B0E,47-2171.00,construction_icon
construction_icon.svg,#ED6B0E,47-5051.00,construction_icon
construction_icon.svg,#ED6B0E,47-5061.00,construction_icon
construction_icon.svg,#ED6B0E,47-2181.00,construction_icon
construction_icon.svg,#ED6B0E,47-5012.00,construction_icon
construction_icon.svg,#ED6B0E,47-2031.02,construction_icon
construction_icon.svg,#ED6B0E,47-5071.00,construction_icon
construction_icon.svg,#ED6B0E,47-4091.00,construction_icon
construction_icon.svg,#ED6B0E,47-4071.00,construction_icon
construction_icon.svg,#ED6B0E,47-5013.00,construction_icon
construction_icon.svg,#ED6B0E,47-2211.00,construction_icon
construction_icon.svg,#ED6B0E,47-1011.03,construction_icon
construction_icon.svg,#ED6B0E,47-2231.00,construction_icon
construction_icon.svg,#ED6B0E,47-4099.02,construction_icon
construction_icon.svg,#ED6B0E,47-2022.00,construction_icon
construction_icon.svg,#ED6B0E,47-2221.00,construction_icon
construction_icon.svg,#ED6B0E,47-2082.00,construction_icon
construction_icon.svg,#ED6B0E,47-2053.00,construction_icon
construction_icon.svg,#ED6B0E,47-2044.00,construction_icon
construction_icon.svg,#ED6B0E,47-4099.03,construction_icon
education_icon.svg,#FF7300,25-2059.01,education_icon
education_icon.svg,#FF7300,25-3011.00,education_icon
education_icon.svg,#FF7300,25-1041.00,education_icon
education_icon.svg,#FF7300,25-1061.00,education_icon
education_icon.svg,#FF7300,25-1031.00,education_icon
education_icon.svg,#FF7300,25-4011.00,education_icon
education_icon.svg,#FF7300,25-1062.00,education_icon
education_icon.svg,#FF7300,25-1121.00,education_icon
education_icon.svg,#FF7300,25-1051.00,education_icon
education_icon.svg,#FF7300,25-9011.00,education_icon
education_icon.svg,#FF7300,25-1042.00,education_icon
education_icon.svg,#FF7300,25-1011.00,education_icon
education_icon.svg,#FF7300,25-2023.00,education_icon
education_icon.svg,#FF7300,25-2032.00,education_icon
education_icon.svg,#FF7300,25-1052.00,education_icon
education_icon.svg,#FF7300,25-1122.00,education_icon
education_icon.svg,#FF7300,25-1021.00,education_icon
education_icon.svg,#FF7300,25-1111.00,education_icon
education_icon.svg,#FF7300,25-4012.00,education_icon
education_icon.svg,#FF7300,25-1063.00,education_icon
education_icon.svg,#FF7300,25-1081.00,education_icon
education_icon.svg,#FF7300,25-9099.00,education_icon
education_icon.svg,#FF7300,25-2021.00,education_icon
education_icon.svg,#FF7300,25-1032.00,education_icon
education_icon.svg,#FF7300,25-1123.00,education_icon
education_icon.svg,#FF7300,25-1053.00,education_icon
education_icon.svg,#FF7300,25-9021.00,education_icon
education_icon.svg,#FF7300,25-1124.00,education_icon
education_icon.svg,#FF7300,25-1043.00,education_icon
education_icon.svg,#FF7300,25-1064.00,education_icon
education_icon.svg,#FF7300,25-1191.00,education_icon
education_icon.svg,#FF7300,25-1071.00,education_icon
education_icon.svg,#FF7300,25-1125.00,education_icon
education_icon.svg,#FF7300,25-1192.00,education_icon
education_icon.svg,#FF7300,25-9031.00,education_icon
education_icon.svg,#FF7300,25-9031.01,education_icon
education_icon.svg,#FF7300,25-2012.00,education_icon
education_icon.svg,#FF7300,25-1112.00,education_icon
education_icon.svg,#FF7300,25-4021.00,education_icon
education_icon.svg,#FF7300,25-1082.00,education_icon
education_icon.svg,#FF7300,25-4031.00,education_icon
education_icon.svg,#FF7300,25-1022.00,education_icon
education_icon.svg,#FF7300,25-2022.00,education_icon
education_icon.svg,#FF7300,25-4013.00,education_icon
education_icon.svg,#FF7300,25-1072.00,education_icon
education_icon.svg,#FF7300,25-1126.00,education_icon
education_icon.svg,#FF7300,25-1054.00,education_icon
education_icon.svg,#FF7300,25-1065.00,education_icon
education_icon.svg,#FF7300,25-1199.00,education_icon
education_icon.svg,#FF7300,25-2011.00,education_icon
education_icon.svg,#FF7300,25-1066.00,education_icon
education_icon.svg,#FF7300,25-1193.00,education_icon
education_icon.svg,#FF7300,25-2031.00,education_icon
education_icon.svg,#FF7300,25-3021.00,education_icon
education_icon.svg,#FF7300,25-1069.00,education_icon
education_icon.svg,#FF7300,25-1113.00,education_icon
education_icon.svg,#FF7300,25-1067.00,education_icon
education_icon.svg,#FF7300,25-2059.00,education_icon
education_icon.svg,#FF7300,25-2052.00,education_icon
education_icon.svg,#FF7300,25-2053.00,education_icon
education_icon.svg,#FF7300,25-2051.00,education_icon
education_icon.svg,#FF7300,25-2054.00,education_icon
education_icon.svg,#FF7300,25-9041.00,education_icon
education_icon.svg,#FF7300,25-3099.00,education_icon
education_icon.svg,#FF7300,25-3099.02,education_icon
education_icon.svg,#FF7300,25-1194.00,education_icon
farming_icon.svg,#BF9D2E,45-2091.00,farming_icon
farming_icon.svg,#BF9D2E,45-2011.00,farming_icon
farming_icon.svg,#BF9D2E,45-2099.00,farming_icon
farming_icon.svg,#BF9D2E,45-2021.00,farming_icon
farming_icon.svg,#BF9D2E,45-4021.00,farming_icon
farming_icon.svg,#BF9D2E,45-2092.02,farming_icon
farming_icon.svg,#BF9D2E,45-2092.00,farming_icon
farming_icon.svg,#BF9D2E,45-2093.00,farming_icon
farming_icon.svg,#BF9D2E,45-1011.07,farming_icon
farming_icon.svg,#BF9D2E,45-1011.08,farming_icon
farming_icon.svg,#BF9D2E,45-1011.06,farming_icon
farming_icon.svg,#BF9D2E,45-1011.00,farming_icon
farming_icon.svg,#BF9D2E,45-1011.05,farming_icon
farming_icon.svg,#BF9D2E,45-3011.00,farming_icon
farming_icon.svg,#BF9D2E,45-4011.00,farming_icon
farming_icon.svg,#BF9D2E,45-2041.00,farming_icon
farming_icon.svg,#BF9D2E,45-3021.00,farming_icon
farming_icon.svg,#BF9D2E,45-4023.00,farming_icon
farming_icon.svg,#BF9D2E,45-4022.00,farming_icon
farming_icon.svg,#BF9D2E,45-4029.00,farming_icon
farming_icon.svg,#BF9D2E,45-2092.01,farming_icon
food_services_icon.svg,#FF8B59,35-3022.01,food_services_icon
food_services_icon.svg,#FF8B59,35-3011.00,food_services_icon
food_services_icon.svg,#FF8B59,35-1011.00,food_services_icon
food_services_icon.svg,#FF8B59,35-3021.00,food_services_icon
food_services_icon.svg,#FF8B59,35-2019.00,food_services_icon
food_services_icon.svg,#FF8B59,35-2011.00,food_services_icon
food_services_icon.svg,#FF8B59,35-2012.00,food_services_icon
food_services_icon.svg,#FF8B59,35-2013.00,food_services_icon
food_services_icon.svg,#FF8B59,35-2014.00,food_services_icon
food_services_icon.svg,#FF8B59,35-2015.00,food_services_icon
food_services_icon.svg,#FF8B59,35-3022.00,food_services_icon
food_services_icon.svg,#FF8B59,35-9011.00,food_services_icon
food_services_icon.svg,#FF8B59,35-9021.00,food_services_icon
food_services_icon.svg,#FF8B59,35-1012.00,food_services_icon
food_services_icon.svg,#FF8B59,35-9099.00,food_services_icon
food_services_icon.svg,#FF8B59,35-2021.00,food_services_icon
food_services_icon.svg,#FF8B59,35-3041.00,food_services_icon
food_services_icon.svg,#FF8B59,35-9031.00,food_services_icon
food_services_icon.svg,#FF8B59,35-3031.00,food_services_icon
healthcare_icon.svg,#F25555,29-1199.01,healthcare_icon
healthcare_icon.svg,#F25555,29-1141.01,healthcare_icon
healthcare_icon.svg,#F25555,29-1141.02,healthcare_icon
healthcare_icon.svg,#F25555,29-1069.01,healthcare_icon
healthcare_icon.svg,#F25555,29-1071.01,healthcare_icon
healthcare_icon.svg,#F25555,29-1061.00,healthcare_icon
healthcare_icon.svg,#F25555,29-1125.01,healthcare_icon
healthcare_icon.svg,#F25555,29-9091.00,healthcare_icon
healthcare_icon.svg,#F25555,29-1181.00,healthcare_icon
healthcare_icon.svg,#F25555,29-2031.00,healthcare_icon
healthcare_icon.svg,#F25555,29-1011.00,healthcare_icon
healthcare_icon.svg,#F25555,29-1141.04,healthcare_icon
healthcare_icon.svg,#F25555,29-1141.03,healthcare_icon
healthcare_icon.svg,#F25555,29-2011.01,healthcare_icon
healthcare_icon.svg,#F25555,29-2011.02,healthcare_icon
healthcare_icon.svg,#F25555,29-2021.00,healthcare_icon
healthcare_icon.svg,#F25555,29-1029.00,healthcare_icon
healthcare_icon.svg,#F25555,29-1021.00,healthcare_icon
healthcare_icon.svg,#F25555,29-1069.02,healthcare_icon
healthcare_icon.svg,#F25555,29-2032.00,healthcare_icon
healthcare_icon.svg,#F25555,29-2051.00,healthcare_icon
healthcare_icon.svg,#F25555,29-1031.00,healthcare_icon
healthcare_icon.svg,#F25555,29-2041.00,healthcare_icon
healthcare_icon.svg,#F25555,29-1128.00,healthcare_icon
healthcare_icon.svg,#F25555,29-1062.00,healthcare_icon
healthcare_icon.svg,#F25555,29-9092.00,healthcare_icon
healthcare_icon.svg,#F25555,29-1199.00,healthcare_icon
healthcare_icon.svg,#F25555,29-2099.00,healthcare_icon
healthcare_icon.svg,#F25555,29-9099.00,healthcare_icon
healthcare_icon.svg,#F25555,29-2092.00,healthcare_icon
healthcare_icon.svg,#F25555,29-2011.03,healthcare_icon
healthcare_icon.svg,#F25555,29-1069.03,healthcare_icon
healthcare_icon.svg,#F25555,29-1063.00,healthcare_icon
healthcare_icon.svg,#F25555,29-2061.00,healthcare_icon
healthcare_icon.svg,#F25555,29-1122.01,healthcare_icon
healthcare_icon.svg,#F25555,29-2035.00,healthcare_icon
healthcare_icon.svg,#F25555,29-2012.00,healthcare_icon
healthcare_icon.svg,#F25555,29-2011.00,healthcare_icon
healthcare_icon.svg,#F25555,29-2071.00,healthcare_icon
healthcare_icon.svg,#F25555,29-9099.01,healthcare_icon
healthcare_icon.svg,#F25555,29-1125.02,healthcare_icon
healthcare_icon.svg,#F25555,29-1199.04,healthcare_icon
healthcare_icon.svg,#F25555,29-2099.01,healthcare_icon
healthcare_icon.svg,#F25555,29-1069.04,healthcare_icon
healthcare_icon.svg,#F25555,29-1069.05,healthcare_icon
healthcare_icon.svg,#F25555,29-2033.00,healthcare_icon
healthcare_icon.svg,#F25555,29-1151.00,healthcare_icon
healthcare_icon.svg,#F25555,29-1161.00,healthcare_icon
healthcare_icon.svg,#F25555,29-1171.00,healthcare_icon
healthcare_icon.svg,#F25555,29-1064.00,healthcare_icon
healthcare_icon.svg,#F25555,29-9011.00,healthcare_icon
healthcare_icon.svg,#F25555,29-9012.00,healthcare_icon
healthcare_icon.svg,#F25555,29-1122.00,healthcare_icon
healthcare_icon.svg,#F25555,29-2057.00,healthcare_icon
healthcare_icon.svg,#F25555,29-2099.05,healthcare_icon
healthcare_icon.svg,#F25555,29-1069.06,healthcare_icon
healthcare_icon.svg,#F25555,29-2081.00,healthcare_icon
healthcare_icon.svg,#F25555,29-1041.00,healthcare_icon
healthcare_icon.svg,#F25555,29-1022.00,healthcare_icon
healthcare_icon.svg,#F25555,29-1023.00,healthcare_icon
healthcare_icon.svg,#F25555,29-1199.05,healthcare_icon
healthcare_icon.svg,#F25555,29-2091.00,healthcare_icon
healthcare_icon.svg,#F25555,29-1069.07,healthcare_icon
healthcare_icon.svg,#F25555,29-1065.00,healthcare_icon
healthcare_icon.svg,#F25555,29-1051.00,healthcare_icon
healthcare_icon.svg,#F25555,29-2052.00,healthcare_icon
healthcare_icon.svg,#F25555,29-1069.08,healthcare_icon
healthcare_icon.svg,#F25555,29-1123.00,healthcare_icon
healthcare_icon.svg,#F25555,29-1071.00,healthcare_icon
healthcare_icon.svg,#F25555,29-1069.00,healthcare_icon
healthcare_icon.svg,#F25555,29-1081.00,healthcare_icon
healthcare_icon.svg,#F25555,29-1069.09,healthcare_icon
healthcare_icon.svg,#F25555,29-1024.00,healthcare_icon
healthcare_icon.svg,#F25555,29-2053.00,healthcare_icon
healthcare_icon.svg,#F25555,29-1066.00,healthcare_icon
healthcare_icon.svg,#F25555,29-1124.00,healthcare_icon
healthcare_icon.svg,#F25555,29-2099.06,healthcare_icon
healthcare_icon.svg,#F25555,29-2034.00,healthcare_icon
healthcare_icon.svg,#F25555,29-1069.10,healthcare_icon
healthcare_icon.svg,#F25555,29-1125.00,healthcare_icon
healthcare_icon.svg,#F25555,29-1141.00,healthcare_icon
healthcare_icon.svg,#F25555,29-1126.00,healthcare_icon
healthcare_icon.svg,#F25555,29-2054.00,healthcare_icon
healthcare_icon.svg,#F25555,29-1127.00,healthcare_icon
healthcare_icon.svg,#F25555,29-1069.11,healthcare_icon
healthcare_icon.svg,#F25555,29-1067.00,healthcare_icon
healthcare_icon.svg,#F25555,29-2099.07,healthcare_icon
healthcare_icon.svg,#F25555,29-2055.00,healthcare_icon
healthcare_icon.svg,#F25555,29-1129.00,healthcare_icon
healthcare_icon.svg,#F25555,29-1069.12,healthcare_icon
healthcare_icon.svg,#F25555,29-1131.00,healthcare_icon
healthcare_icon.svg,#F25555,29-2056.00,healthcare_icon
healthcare_support_icon.svg,#9556E8,31-9091.00,healthcare_support_icon
healthcare_support_icon.svg,#994343,31-9099.02,healthcare_support_icon
healthcare_support_icon.svg,#994343,31-9099.00,healthcare_support_icon
healthcare_support_icon.svg,#994343,31-1011.00,healthcare_support_icon
healthcare_support_icon.svg,#994343,31-9011.00,healthcare_support_icon
healthcare_support_icon.svg,#994343,31-9092.00,healthcare_support_icon
healthcare_support_icon.svg,#994343,31-9093.00,healthcare_support_icon
healthcare_support_icon.svg,#994343,31-9094.00,healthcare_support_icon
healthcare_support_icon.svg,#994343,31-1014.00,healthcare_support_icon
healthcare_support_icon.svg,#994343,31-2012.00,healthcare_support_icon
healthcare_support_icon.svg,#994343,31-2011.00,healthcare_support_icon
healthcare_support_icon.svg,#994343,31-1015.00,healthcare_support_icon
healthcare_support_icon.svg,#994343,31-9095.00,healthcare_support_icon
healthcare_support_icon.svg,#994343,31-9097.00,healthcare_support_icon
healthcare_support_icon.svg,#994343,31-2022.00,healthcare_support_icon
healthcare_support_icon.svg,#994343,31-2021.00,healthcare_support_icon
healthcare_support_icon.svg,#994343,31-1013.00,healthcare_support_icon
healthcare_support_icon.svg,#994343,31-9099.01,healthcare_support_icon
healthcare_support_icon.svg,#994343,31-9096.00,healthcare_support_icon
maintenance_icon.svg,#5E5D5D,49-3011.00,maintenance_icon
maintenance_icon.svg,#5E5D5D,49-3021.00,maintenance_icon
maintenance_icon.svg,#5E5D5D,49-3022.00,maintenance_icon
maintenance_icon.svg,#5E5D5D,49-3023.01,maintenance_icon
maintenance_icon.svg,#5E5D5D,49-3023.00,maintenance_icon
maintenance_icon.svg,#5E5D5D,49-3023.02,maintenance_icon
maintenance_icon.svg,#5E5D5D,49-2091.00,maintenance_icon
maintenance_icon.svg,#5E5D5D,49-3091.00,maintenance_icon
maintenance_icon.svg,#5E5D5D,49-3031.00,maintenance_icon
maintenance_icon.svg,#5E5D5D,49-9061.00,maintenance_icon
maintenance_icon.svg,#5E5D5D,49-9091.00,maintenance_icon
maintenance_icon.svg,#5E5D5D,49-9092.00,maintenance_icon
maintenance_icon.svg,#5E5D5D,49-2011.00,maintenance_icon
maintenance_icon.svg,#5E5D5D,49-9012.00,maintenance_icon
maintenance_icon.svg,#5E5D5D,49-2092.00,maintenance_icon
maintenance_icon.svg,#5E5D5D,49-2093.00,maintenance_icon
maintenance_icon.svg,#5E5D5D,49-2094.00,maintenance_icon
maintenance_icon.svg,#5E5D5D,49-2095.00,maintenance_icon
maintenance_icon.svg,#5E5D5D,49-9051.00,maintenance_icon
maintenance_icon.svg,#5E5D5D,49-2096.00,maintenance_icon
maintenance_icon.svg,#5E5D5D,49-2097.00,maintenance_icon
maintenance_icon.svg,#5E5D5D,49-9093.00,maintenance_icon
maintenance_icon.svg,#5E5D5D,49-3041.00,maintenance_icon
maintenance_icon.svg,#5E5D5D,49-1011.00,maintenance_icon
maintenance_icon.svg,#5E5D5D,49-9099.01,maintenance_icon
maintenance_icon.svg,#5E5D5D,49-9021.01,maintenance_icon
maintenance_icon.svg,#5E5D5D,49-9021.00,maintenance_icon
maintenance_icon.svg,#5E5D5D,49-9098.00,maintenance_icon
maintenance_icon.svg,#5E5D5D,49-9031.00,maintenance_icon
maintenance_icon.svg,#5E5D5D,49-9041.00,maintenance_icon
maintenance_icon.svg,#5E5D5D,49-9099.00,maintenance_icon
maintenance_icon.svg,#5E5D5D,49-9094.00,maintenance_icon
maintenance_icon.svg,#5E5D5D,49-9071.00,maintenance_icon
maintenance_icon.svg,#5E5D5D,49-9043.00,maintenance_icon
maintenance_icon.svg,#5E5D5D,49-9095.00,maintenance_icon
maintenance_icon.svg,#5E5D5D,49-9011.00,maintenance_icon
maintenance_icon.svg,#5E5D5D,49-9062.00,maintenance_icon
maintenance_icon.svg,#5E5D5D,49-9044.00,maintenance_icon
maintenance_icon.svg,#5E5D5D,49-3042.00,maintenance_icon
maintenance_icon.svg,#5E5D5D,49-3051.00,maintenance_icon
maintenance_icon.svg,#5E5D5D,49-3052.00,maintenance_icon
maintenance_icon.svg,#5E5D5D,49-9063.00,maintenance_icon
maintenance_icon.svg,#5E5D5D,49-3053.00,maintenance_icon
maintenance_icon.svg,#5E5D5D,49-9069.00,maintenance_icon
maintenance_icon.svg,#5E5D5D,49-2021.01,maintenance_icon
maintenance_icon.svg,#5E5D5D,49-2021.00,maintenance_icon
maintenance_icon.svg,#5E5D5D,49-3043.00,maintenance_icon
maintenance_icon.svg,#5E5D5D,49-3092.00,maintenance_icon
maintenance_icon.svg,#5E5D5D,49-9045.00,maintenance_icon
maintenance_icon.svg,#5E5D5D,49-9021.02,maintenance_icon
maintenance_icon.svg,#5E5D5D,49-9096.00,maintenance_icon
maintenance_icon.svg,#5E5D5D,49-2098.00,maintenance_icon
maintenance_icon.svg,#5E5D5D,49-9097.00,maintenance_icon
maintenance_icon.svg,#5E5D5D,49-2022.00,maintenance_icon
maintenance_icon.svg,#5E5D5D,49-9052.00,maintenance_icon
maintenance_icon.svg,#5E5D5D,49-3093.00,maintenance_icon
maintenance_icon.svg,#5E5D5D,49-9064.00,maintenance_icon
maintenance_icon.svg,#5E5D5D,49-9081.00,maintenance_icon
legal_icon.svg,#6594F7,23-1021.00,legal_icon
legal_icon.svg,#6594F7,23-1022.00,legal_icon
legal_icon.svg,#6594F7,23-2091.00,legal_icon
legal_icon.svg,#6594F7,23-1023.00,legal_icon
legal_icon.svg,#6594F7,23-1012.00,legal_icon
legal_icon.svg,#6594F7,23-1011.00,legal_icon
legal_icon.svg,#6594F7,23-2099.00,legal_icon
legal_icon.svg,#6594F7,23-2011.00,legal_icon
legal_icon.svg,#6594F7,23-2093.00,legal_icon
life_social_science_icon.svg,#289922,19-4011.00,life_social_science_icon
life_social_science_icon.svg,#289922,19-4011.01,life_social_science_icon
life_social_science_icon.svg,#289922,19-1011.00,life_social_science_icon
life_social_science_icon.svg,#289922,19-3091.01,life_social_science_icon
life_social_science_icon.svg,#289922,19-3091.00,life_social_science_icon
life_social_science_icon.svg,#289922,19-3091.02,life_social_science_icon
life_social_science_icon.svg,#289922,19-2011.00,life_social_science_icon
life_social_science_icon.svg,#289922,19-2021.00,life_social_science_icon
life_social_science_icon.svg,#289922,19-1021.00,life_social_science_icon
life_social_science_icon.svg,#289922,19-1029.01,life_social_science_icon
life_social_science_icon.svg,#289922,19-1029.00,life_social_science_icon
life_social_science_icon.svg,#289922,19-4021.00,life_social_science_icon
life_social_science_icon.svg,#289922,19-1020.01,life_social_science_icon
life_social_science_icon.svg,#289922,19-4031.00,life_social_science_icon
life_social_science_icon.svg,#289922,19-2031.00,life_social_science_icon
life_social_science_icon.svg,#289922,19-4061.01,life_social_science_icon
life_social_science_icon.svg,#289922,19-2041.01,life_social_science_icon
life_social_science_icon.svg,#289922,19-3031.02,life_social_science_icon
life_social_science_icon.svg,#289922,19-3031.00,life_social_science_icon
life_social_science_icon.svg,#289922,19-1031.00,life_social_science_icon
life_social_science_icon.svg,#289922,19-3031.03,life_social_science_icon
life_social_science_icon.svg,#289922,19-3011.00,life_social_science_icon
life_social_science_icon.svg,#289922,19-3011.01,life_social_science_icon
life_social_science_icon.svg,#289922,19-2041.02,life_social_science_icon
life_social_science_icon.svg,#289922,19-4091.00,life_social_science_icon
life_social_science_icon.svg,#289922,19-2041.00,life_social_science_icon
life_social_science_icon.svg,#289922,19-1041.00,life_social_science_icon
life_social_science_icon.svg,#289922,19-4011.02,life_social_science_icon
life_social_science_icon.svg,#289922,19-1012.00,life_social_science_icon
life_social_science_icon.svg,#289922,19-4092.00,life_social_science_icon
life_social_science_icon.svg,#289922,19-4093.00,life_social_science_icon
life_social_science_icon.svg,#289922,19-1032.00,life_social_science_icon
life_social_science_icon.svg,#289922,19-1029.03,life_social_science_icon
life_social_science_icon.svg,#289922,19-3092.00,life_social_science_icon
life_social_science_icon.svg,#289922,19-4041.00,life_social_science_icon
life_social_science_icon.svg,#289922,19-4041.02,life_social_science_icon
life_social_science_icon.svg,#289922,19-4041.01,life_social_science_icon
life_social_science_icon.svg,#289922,19-2042.00,life_social_science_icon
life_social_science_icon.svg,#289922,19-3093.00,life_social_science_icon
life_social_science_icon.svg,#289922,19-2043.00,life_social_science_icon
life_social_science_icon.svg,#289922,19-2041.03,life_social_science_icon
life_social_science_icon.svg,#289922,19-3032.00,life_social_science_icon
life_social_science_icon.svg,#289922,19-1099.00,life_social_science_icon
life_social_science_icon.svg,#289922,19-4099.00,life_social_science_icon
life_social_science_icon.svg,#289922,19-2032.00,life_social_science_icon
life_social_science_icon.svg,#289922,19-1042.00,life_social_science_icon
life_social_science_icon.svg,#289922,19-1022.00,life_social_science_icon
life_social_science_icon.svg,#289922,19-1029.02,life_social_science_icon
life_social_science_icon.svg,#289922,19-3039.01,life_social_science_icon
life_social_science_icon.svg,#289922,19-4051.01,life_social_science_icon
life_social_science_icon.svg,#289922,19-4051.02,life_social_science_icon
life_social_science_icon.svg,#289922,19-4051.00,life_social_science_icon
life_social_science_icon.svg,#289922,19-1031.03,life_social_science_icon
life_social_science_icon.svg,#289922,19-2099.00,life_social_science_icon
life_social_science_icon.svg,#289922,19-2012.00,life_social_science_icon
life_social_science_icon.svg,#289922,19-3094.00,life_social_science_icon
life_social_science_icon.svg,#289922,19-4099.02,life_social_science_icon
life_social_science_icon.svg,#289922,19-3039.00,life_social_science_icon
life_social_science_icon.svg,#289922,19-4099.01,life_social_science_icon
life_social_science_icon.svg,#289922,19-1031.02,life_social_science_icon
life_social_science_icon.svg,#289922,19-2099.01,life_social_science_icon
life_social_science_icon.svg,#289922,19-4099.03,life_social_science_icon
life_social_science_icon.svg,#289922,19-3031.01,life_social_science_icon
life_social_science_icon.svg,#289922,19-4061.00,life_social_science_icon
life_social_science_icon.svg,#289922,19-3099.00,life_social_science_icon
life_social_science_icon.svg,#289922,19-3041.00,life_social_science_icon
life_social_science_icon.svg,#289922,19-1013.00,life_social_science_icon
life_social_science_icon.svg,#289922,19-1031.01,life_social_science_icon
life_social_science_icon.svg,#289922,19-3022.00,life_social_science_icon
life_social_science_icon.svg,#289922,19-3099.01,life_social_science_icon
life_social_science_icon.svg,#289922,19-3051.00,life_social_science_icon
life_social_science_icon.svg,#289922,19-1023.00,life_social_science_icon
management_icon.svg,#4C97D9,11-3011.00,management_icon
management_icon.svg,#4C97D9,11-2011.00,management_icon
management_icon.svg,#4C97D9,11-9013.03,management_icon
management_icon.svg,#4C97D9,11-9041.00,management_icon
management_icon.svg,#4C97D9,11-3051.03,management_icon
management_icon.svg,#4C97D9,11-9041.01,management_icon
management_icon.svg,#4C97D9,11-3051.04,management_icon
management_icon.svg,#4C97D9,11-9199.11,management_icon
management_icon.svg,#4C97D9,11-1011.00,management_icon
management_icon.svg,#4C97D9,11-1011.03,management_icon
management_icon.svg,#4C97D9,11-9121.01,management_icon
management_icon.svg,#4C97D9,11-3111.00,management_icon
management_icon.svg,#4C97D9,11-9199.02,management_icon
management_icon.svg,#4C97D9,11-3021.00,management_icon
management_icon.svg,#4C97D9,11-9021.00,management_icon
management_icon.svg,#4C97D9,11-9039.01,management_icon
management_icon.svg,#4C97D9,11-9039.00,management_icon
management_icon.svg,#4C97D9,11-9032.00,management_icon
management_icon.svg,#4C97D9,11-9033.00,management_icon
management_icon.svg,#4C97D9,11-9031.00,management_icon
management_icon.svg,#4C97D9,11-9161.00,management_icon
management_icon.svg,#4C97D9,11-9013.02,management_icon
management_icon.svg,#4C97D9,11-9013.00,management_icon
management_icon.svg,#4C97D9,11-3031.00,management_icon
management_icon.svg,#4C97D9,11-3031.02,management_icon
management_icon.svg,#4C97D9,11-9039.02,management_icon
management_icon.svg,#4C97D9,11-9051.00,management_icon
management_icon.svg,#4C97D9,11-9061.00,management_icon
management_icon.svg,#4C97D9,11-9071.00,management_icon
management_icon.svg,#4C97D9,11-1021.00,management_icon
management_icon.svg,#4C97D9,11-3051.02,management_icon
management_icon.svg,#4C97D9,11-2011.01,management_icon
management_icon.svg,#4C97D9,11-3121.00,management_icon
management_icon.svg,#4C97D9,11-3051.06,management_icon
management_icon.svg,#4C97D9,11-3051.00,management_icon
management_icon.svg,#4C97D9,11-9199.03,management_icon
management_icon.svg,#4C97D9,11-1031.00,management_icon
management_icon.svg,#4C97D9,11-9081.00,management_icon
management_icon.svg,#4C97D9,11-3071.03,management_icon
management_icon.svg,#4C97D9,11-9199.08,management_icon
management_icon.svg,#4C97D9,11-9199.00,management_icon
management_icon.svg,#4C97D9,11-2021.00,management_icon
management_icon.svg,#4C97D9,11-9111.00,management_icon
management_icon.svg,#4C97D9,11-3051.05,management_icon
management_icon.svg,#4C97D9,11-9121.00,management_icon
management_icon.svg,#4C97D9,11-9013.01,management_icon
management_icon.svg,#4C97D9,11-9131.00,management_icon
management_icon.svg,#4C97D9,11-9141.00,management_icon
management_icon.svg,#4C97D9,11-2031.00,management_icon
management_icon.svg,#4C97D9,11-3061.00,management_icon
management_icon.svg,#4C97D9,11-3051.01,management_icon
management_icon.svg,#4C97D9,11-9199.01,management_icon
management_icon.svg,#4C97D9,11-2022.00,management_icon
management_icon.svg,#4C97D9,11-9199.07,management_icon
management_icon.svg,#4C97D9,11-9151.00,management_icon
management_icon.svg,#4C97D9,11-3071.02,management_icon
management_icon.svg,#4C97D9,11-9199.04,management_icon
management_icon.svg,#4C97D9,11-3131.00,management_icon
management_icon.svg,#4C97D9,11-3071.01,management_icon
management_icon.svg,#4C97D9,11-3071.00,management_icon
management_icon.svg,#4C97D9,11-3031.01,management_icon
management_icon.svg,#4C97D9,11-9121.02,management_icon
management_icon.svg,#4C97D9,11-9199.09,management_icon
management_icon.svg,#4C97D9,11-9199.10,management_icon
military_icon.svg,#2A2C2E,55-3011.00,military_icon
military_icon.svg,#2A2C2E,55-1011.00,military_icon
military_icon.svg,#2A2C2E,55-1012.00,military_icon
military_icon.svg,#2A2C2E,55-3012.00,military_icon
military_icon.svg,#2A2C2E,55-3013.00,military_icon
military_icon.svg,#2A2C2E,55-1013.00,military_icon
military_icon.svg,#2A2C2E,55-3014.00,military_icon
military_icon.svg,#2A2C2E,55-1014.00,military_icon
military_icon.svg,#2A2C2E,55-1015.00,military_icon
military_icon.svg,#2A2C2E,55-3015.00,military_icon
military_icon.svg,#2A2C2E,55-2011.00,military_icon
military_icon.svg,#2A2C2E,55-2013.00,military_icon
military_icon.svg,#2A2C2E,55-2012.00,military_icon
military_icon.svg,#2A2C2E,55-3016.00,military_icon
military_icon.svg,#2A2C2E,55-1016.00,military_icon
military_icon.svg,#2A2C2E,55-3019.00,military_icon
military_icon.svg,#2A2C2E,55-1019.00,military_icon
military_icon.svg,#2A2C2E,55-3017.00,military_icon
military_icon.svg,#2A2C2E,55-3018.00,military_icon
military_icon.svg,#2A2C2E,55-1017.00,military_icon
administrative_icon.svg,#FA7A43,43-3011.00,administrative_icon
administrative_icon.svg,#FA7A43,43-3021.00,administrative_icon
administrative_icon.svg,#FA7A43,43-3021.02,administrative_icon
administrative_icon.svg,#FA7A43,43-9111.01,administrative_icon
administrative_icon.svg,#FA7A43,43-3031.00,administrative_icon
administrative_icon.svg,#FA7A43,43-4011.00,administrative_icon
administrative_icon.svg,#FA7A43,43-5011.00,administrative_icon
administrative_icon.svg,#FA7A43,43-2099.00,administrative_icon
administrative_icon.svg,#FA7A43,43-9011.00,administrative_icon
administrative_icon.svg,#FA7A43,43-4021.00,administrative_icon
administrative_icon.svg,#FA7A43,43-5021.00,administrative_icon
administrative_icon.svg,#FA7A43,43-4031.01,administrative_icon
administrative_icon.svg,#FA7A43,43-4031.00,administrative_icon
administrative_icon.svg,#FA7A43,43-4041.01,administrative_icon
administrative_icon.svg,#FA7A43,43-4041.00,administrative_icon
administrative_icon.svg,#FA7A43,43-4041.02,administrative_icon
administrative_icon.svg,#FA7A43,43-4051.00,administrative_icon
administrative_icon.svg,#FA7A43,43-9021.00,administrative_icon
administrative_icon.svg,#FA7A43,43-9031.00,administrative_icon
administrative_icon.svg,#FA7A43,43-5032.00,administrative_icon
administrative_icon.svg,#FA7A43,43-4061.00,administrative_icon
administrative_icon.svg,#FA7A43,43-6011.00,administrative_icon
administrative_icon.svg,#FA7A43,43-4071.00,administrative_icon
administrative_icon.svg,#FA7A43,43-3099.00,administrative_icon
administrative_icon.svg,#FA7A43,43-1011.00,administrative_icon
administrative_icon.svg,#FA7A43,43-5011.01,administrative_icon
administrative_icon.svg,#FA7A43,43-3041.00,administrative_icon
administrative_icon.svg,#FA7A43,43-4081.00,administrative_icon
administrative_icon.svg,#FA7A43,43-4161.00,administrative_icon
administrative_icon.svg,#FA7A43,43-4199.00,administrative_icon
administrative_icon.svg,#FA7A43,43-9041.00,administrative_icon
administrative_icon.svg,#FA7A43,43-9041.01,administrative_icon
administrative_icon.svg,#FA7A43,43-9041.02,administrative_icon
administrative_icon.svg,#FA7A43,43-4111.00,administrative_icon
administrative_icon.svg,#FA7A43,43-6012.00,administrative_icon
administrative_icon.svg,#FA7A43,43-4121.00,administrative_icon
administrative_icon.svg,#FA7A43,43-4031.03,administrative_icon
administrative_icon.svg,#FA7A43,43-4131.00,administrative_icon
administrative_icon.svg,#FA7A43,43-9051.00,administrative_icon
administrative_icon.svg,#FA7A43,43-5081.02,administrative_icon
administrative_icon.svg,#FA7A43,43-6013.00,administrative_icon
administrative_icon.svg,#FA7A43,43-5041.00,administrative_icon
administrative_icon.svg,#FA7A43,43-4031.02,administrative_icon
administrative_icon.svg,#FA7A43,43-4141.00,administrative_icon
administrative_icon.svg,#FA7A43,43-9199.00,administrative_icon
administrative_icon.svg,#FA7A43,43-9061.00,administrative_icon
administrative_icon.svg,#FA7A43,43-9071.00,administrative_icon
administrative_icon.svg,#FA7A43,43-4151.00,administrative_icon
administrative_icon.svg,#FA7A43,43-5081.04,administrative_icon
administrative_icon.svg,#FA7A43,43-4051.03,administrative_icon
administrative_icon.svg,#FA7A43,43-3051.00,administrative_icon
administrative_icon.svg,#FA7A43,43-5031.00,administrative_icon
administrative_icon.svg,#FA7A43,43-5051.00,administrative_icon
administrative_icon.svg,#FA7A43,43-5052.00,administrative_icon
administrative_icon.svg,#FA7A43,43-5053.00,administrative_icon
administrative_icon.svg,#FA7A43,43-3061.00,administrative_icon
administrative_icon.svg,#FA7A43,43-5061.00,administrative_icon
administrative_icon.svg,#FA7A43,43-9081.00,administrative_icon
administrative_icon.svg,#FA7A43,43-4171.00,administrative_icon
administrative_icon.svg,#FA7A43,43-4181.00,administrative_icon
administrative_icon.svg,#FA7A43,43-6014.00,administrative_icon
administrative_icon.svg,#FA7A43,43-5071.00,administrative_icon
administrative_icon.svg,#FA7A43,43-3021.01,administrative_icon
administrative_icon.svg,#FA7A43,43-9111.00,administrative_icon
administrative_icon.svg,#FA7A43,43-5081.00,administrative_icon
administrative_icon.svg,#FA7A43,43-5081.01,administrative_icon
administrative_icon.svg,#FA7A43,43-5081.03,administrative_icon
administrative_icon.svg,#FA7A43,43-2011.00,administrative_icon
administrative_icon.svg,#FA7A43,43-2021.00,administrative_icon
administrative_icon.svg,#FA7A43,43-3071.00,administrative_icon
administrative_icon.svg,#FA7A43,43-5111.00,administrative_icon
administrative_icon.svg,#FA7A43,43-9022.00,administrative_icon
personal_services_icon.svg,#C95B5B,39-3091.00,personal_services_icon
personal_services_icon.svg,#C95B5B,39-2011.00,personal_services_icon
personal_services_icon.svg,#C95B5B,39-6011.00,personal_services_icon
personal_services_icon.svg,#C95B5B,39-5011.00,personal_services_icon
personal_services_icon.svg,#C95B5B,39-9011.00,personal_services_icon
personal_services_icon.svg,#C95B5B,39-6012.00,personal_services_icon
personal_services_icon.svg,#C95B5B,39-3092.00,personal_services_icon
personal_services_icon.svg,#C95B5B,39-4011.00,personal_services_icon
personal_services_icon.svg,#C95B5B,39-3099.00,personal_services_icon
personal_services_icon.svg,#C95B5B,39-1021.00,personal_services_icon
personal_services_icon.svg,#C95B5B,39-9031.00,personal_services_icon
personal_services_icon.svg,#C95B5B,39-4021.00,personal_services_icon
personal_services_icon.svg,#C95B5B,39-3012.00,personal_services_icon
personal_services_icon.svg,#C95B5B,39-3011.00,personal_services_icon
personal_services_icon.svg,#C95B5B,39-3019.00,personal_services_icon
personal_services_icon.svg,#C95B5B,39-1011.00,personal_services_icon
personal_services_icon.svg,#C95B5B,39-5012.00,personal_services_icon
personal_services_icon.svg,#C95B5B,39-3093.00,personal_services_icon
personal_services_icon.svg,#C95B5B,39-5091.00,personal_services_icon
personal_services_icon.svg,#C95B5B,39-5092.00,personal_services_icon
personal_services_icon.svg,#C95B5B,39-4031.00,personal_services_icon
personal_services_icon.svg,#C95B5B,39-3021.00,personal_services_icon
personal_services_icon.svg,#C95B5B,39-9011.01,personal_services_icon
personal_services_icon.svg,#C95B5B,39-2021.00,personal_services_icon
personal_services_icon.svg,#C95B5B,39-9021.00,personal_services_icon
personal_services_icon.svg,#C95B5B,39-9099.00,personal_services_icon
personal_services_icon.svg,#C95B5B,39-9032.00,personal_services_icon
personal_services_icon.svg,#C95B5B,39-9041.00,personal_services_icon
personal_services_icon.svg,#C95B5B,39-5093.00,personal_services_icon
personal_services_icon.svg,#C95B5B,39-5094.00,personal_services_icon
personal_services_icon.svg,#C95B5B,39-1012.00,personal_services_icon
personal_services_icon.svg,#C95B5B,39-1021.01,personal_services_icon
personal_services_icon.svg,#C95B5B,39-7011.00,personal_services_icon
personal_services_icon.svg,#C95B5B,39-7012.00,personal_services_icon
personal_services_icon.svg,#C95B5B,39-3031.00,personal_services_icon
production_icon.svg,#969696,51-9191.00,production_icon
production_icon.svg,#969696,51-2011.00,production_icon
production_icon.svg,#969696,51-2099.00,production_icon
production_icon.svg,#969696,51-3011.00,production_icon
production_icon.svg,#969696,51-8099.01,production_icon
production_icon.svg,#969696,51-8099.03,production_icon
production_icon.svg,#969696,51-3021.00,production_icon
production_icon.svg,#969696,51-7011.00,production_icon
production_icon.svg,#969696,51-9011.00,production_icon
production_icon.svg,#969696,51-8091.00,production_icon
production_icon.svg,#969696,51-9192.00,production_icon
production_icon.svg,#969696,51-9121.00,production_icon
production_icon.svg,#969696,51-2021.00,production_icon
production_icon.svg,#969696,51-4012.00,production_icon
production_icon.svg,#969696,51-4011.00,production_icon
production_icon.svg,#969696,51-9193.00,production_icon
production_icon.svg,#969696,51-9021.00,production_icon
production_icon.svg,#969696,51-9031.00,production_icon
production_icon.svg,#969696,51-9032.00,production_icon
production_icon.svg,#969696,51-4031.00,production_icon
production_icon.svg,#969696,51-9081.00,production_icon
production_icon.svg,#969696,51-4032.00,production_icon
production_icon.svg,#969696,51-2022.00,production_icon
production_icon.svg,#969696,51-2023.00,production_icon
production_icon.svg,#969696,51-2031.00,production_icon
production_icon.svg,#969696,51-9194.00,production_icon
production_icon.svg,#969696,51-4021.00,production_icon
production_icon.svg,#969696,51-6091.00,production_icon
production_icon.svg,#969696,51-9041.00,production_icon
production_icon.svg,#969696,51-6092.00,production_icon
production_icon.svg,#969696,51-2091.00,production_icon
production_icon.svg,#969696,51-1011.00,production_icon
production_icon.svg,#969696,51-3091.00,production_icon
production_icon.svg,#969696,51-3092.00,production_icon
production_icon.svg,#969696,51-3093.00,production_icon
production_icon.svg,#969696,51-3099.00,production_icon
production_icon.svg,#969696,51-4022.00,production_icon
production_icon.svg,#969696,51-4071.00,production_icon
production_icon.svg,#969696,51-9051.00,production_icon
production_icon.svg,#969696,51-7021.00,production_icon
production_icon.svg,#969696,51-8092.00,production_icon
production_icon.svg,#969696,51-9071.06,production_icon
production_icon.svg,#969696,51-9195.04,production_icon
production_icon.svg,#969696,51-9022.00,production_icon
production_icon.svg,#969696,51-4033.00,production_icon
production_icon.svg,#969696,51-4191.00,production_icon
production_icon.svg,#969696,51-9198.00,production_icon
production_icon.svg,#969696,51-8099.04,production_icon
production_icon.svg,#969696,51-9061.00,production_icon
production_icon.svg,#969696,51-9071.01,production_icon
production_icon.svg,#969696,51-9071.00,production_icon
production_icon.svg,#969696,51-4034.00,production_icon
production_icon.svg,#969696,51-6011.00,production_icon
production_icon.svg,#969696,51-4192.00,production_icon
production_icon.svg,#969696,51-4041.00,production_icon
production_icon.svg,#969696,51-3022.00,production_icon
production_icon.svg,#969696,51-9082.00,production_icon
production_icon.svg,#969696,51-4199.00,production_icon
production_icon.svg,#969696,51-4051.00,production_icon
production_icon.svg,#969696,51-8099.02,production_icon
production_icon.svg,#969696,51-4035.00,production_icon
production_icon.svg,#969696,51-9023.00,production_icon
production_icon.svg,#969696,51-4061.00,production_icon
production_icon.svg,#969696,51-7031.00,production_icon
production_icon.svg,#969696,51-9195.00,production_icon
production_icon.svg,#969696,51-9195.07,production_icon
production_icon.svg,#969696,51-4072.00,production_icon
production_icon.svg,#969696,51-4081.00,production_icon
production_icon.svg,#969696,51-8011.00,production_icon
production_icon.svg,#969696,51-9083.00,production_icon
production_icon.svg,#969696,51-9111.00,production_icon
production_icon.svg,#969696,51-9122.00,production_icon
production_icon.svg,#969696,51-9123.00,production_icon
production_icon.svg,#969696,51-9196.00,production_icon
production_icon.svg,#969696,51-4062.00,production_icon
production_icon.svg,#969696,51-7032.00,production_icon
production_icon.svg,#969696,51-8093.00,production_icon
production_icon.svg,#969696,51-9151.00,production_icon
production_icon.svg,#969696,51-8099.00,production_icon
production_icon.svg,#969696,51-4193.00,production_icon
production_icon.svg,#969696,51-9195.05,production_icon
production_icon.svg,#969696,51-4052.00,production_icon
production_icon.svg,#969696,51-8012.00,production_icon
production_icon.svg,#969696,51-8013.00,production_icon
production_icon.svg,#969696,51-9071.07,production_icon
production_icon.svg,#969696,51-5111.00,production_icon
production_icon.svg,#969696,51-6021.00,production_icon
production_icon.svg,#969696,51-5113.00,production_icon
production_icon.svg,#969696,51-5112.00,production_icon
production_icon.svg,#969696,51-9199.00,production_icon
production_icon.svg,#969696,51-9199.01,production_icon
production_icon.svg,#969696,51-4023.00,production_icon
production_icon.svg,#969696,51-7041.00,production_icon
production_icon.svg,#969696,51-9141.00,production_icon
production_icon.svg,#969696,51-9012.00,production_icon
production_icon.svg,#969696,51-6051.00,production_icon
production_icon.svg,#969696,51-6031.00,production_icon
production_icon.svg,#969696,51-6041.00,production_icon
production_icon.svg,#969696,51-6042.00,production_icon
production_icon.svg,#969696,51-3023.00,production_icon
production_icon.svg,#969696,51-4121.07,production_icon
production_icon.svg,#969696,51-8021.00,production_icon
production_icon.svg,#969696,51-9195.03,production_icon
production_icon.svg,#969696,51-2041.00,production_icon
production_icon.svg,#969696,51-6052.00,production_icon
production_icon.svg,#969696,51-2092.00,production_icon
production_icon.svg,#969696,51-6061.00,production_icon
production_icon.svg,#969696,51-6062.00,production_icon
production_icon.svg,#969696,51-6063.00,production_icon
production_icon.svg,#969696,51-6064.00,production_icon
production_icon.svg,#969696,51-6099.00,production_icon
production_icon.svg,#969696,51-2093.00,production_icon
production_icon.svg,#969696,51-9197.00,production_icon
production_icon.svg,#969696,51-4111.00,production_icon
production_icon.svg,#969696,51-4194.00,production_icon
production_icon.svg,#969696,51-6093.00,production_icon
production_icon.svg,#969696,51-8031.00,production_icon
production_icon.svg,#969696,51-4121.06,production_icon
production_icon.svg,#969696,51-4121.00,production_icon
production_icon.svg,#969696,51-4122.00,production_icon
production_icon.svg,#969696,51-7099.00,production_icon
production_icon.svg,#969696,51-7042.00,production_icon
protective_services_icon.svg,#6298BD,33-9011.00,protective_services_icon
protective_services_icon.svg,#6298BD,33-3011.00,protective_services_icon
protective_services_icon.svg,#6298BD,33-3012.00,protective_services_icon
protective_services_icon.svg,#6298BD,33-3021.03,protective_services_icon
protective_services_icon.svg,#6298BD,33-9091.00,protective_services_icon
protective_services_icon.svg,#6298BD,33-3021.00,protective_services_icon
protective_services_icon.svg,#6298BD,33-2021.01,protective_services_icon
protective_services_icon.svg,#6298BD,33-2021.00,protective_services_icon
protective_services_icon.svg,#6298BD,33-2021.02,protective_services_icon
protective_services_icon.svg,#6298BD,33-2011.00,protective_services_icon
protective_services_icon.svg,#6298BD,33-1011.00,protective_services_icon
protective_services_icon.svg,#6298BD,33-1021.00,protective_services_icon
protective_services_icon.svg,#6298BD,33-1012.00,protective_services_icon
protective_services_icon.svg,#6298BD,33-1099.00,protective_services_icon
protective_services_icon.svg,#6298BD,33-3031.00,protective_services_icon
protective_services_icon.svg,#6298BD,33-1021.02,protective_services_icon
protective_services_icon.svg,#6298BD,33-2022.00,protective_services_icon
protective_services_icon.svg,#6298BD,33-2011.02,protective_services_icon
protective_services_icon.svg,#6298BD,33-9031.00,protective_services_icon
protective_services_icon.svg,#6298BD,33-3021.05,protective_services_icon
protective_services_icon.svg,#6298BD,33-3021.06,protective_services_icon
protective_services_icon.svg,#6298BD,33-9092.00,protective_services_icon
protective_services_icon.svg,#6298BD,33-1021.01,protective_services_icon
protective_services_icon.svg,#6298BD,33-2011.01,protective_services_icon
protective_services_icon.svg,#6298BD,33-3041.00,protective_services_icon
protective_services_icon.svg,#6298BD,33-3051.00,protective_services_icon
protective_services_icon.svg,#6298BD,33-3021.01,protective_services_icon
protective_services_icon.svg,#6298BD,33-3021.02,protective_services_icon
protective_services_icon.svg,#6298BD,33-3051.01,protective_services_icon
protective_services_icon.svg,#6298BD,33-9021.00,protective_services_icon
protective_services_icon.svg,#6298BD,33-9099.00,protective_services_icon
protective_services_icon.svg,#6298BD,33-9099.02,protective_services_icon
protective_services_icon.svg,#6298BD,33-9032.00,protective_services_icon
protective_services_icon.svg,#6298BD,33-3051.03,protective_services_icon
protective_services_icon.svg,#6298BD,33-3052.00,protective_services_icon
protective_services_icon.svg,#6298BD,33-9093.00,protective_services_icon
sales_icon.svg,#FF1759,41-3011.00,sales_icon
sales_icon.svg,#FF1759,41-2011.00,sales_icon
sales_icon.svg,#FF1759,41-2021.00,sales_icon
sales_icon.svg,#FF1759,41-9011.00,sales_icon
sales_icon.svg,#FF1759,41-9091.00,sales_icon
sales_icon.svg,#FF1759,41-3099.01,sales_icon
sales_icon.svg,#FF1759,41-1012.00,sales_icon
sales_icon.svg,#FF1759,41-1011.00,sales_icon
sales_icon.svg,#FF1759,41-2012.00,sales_icon
sales_icon.svg,#FF1759,41-3021.00,sales_icon
sales_icon.svg,#FF1759,41-9012.00,sales_icon
sales_icon.svg,#FF1759,41-2022.00,sales_icon
sales_icon.svg,#FF1759,41-9021.00,sales_icon
sales_icon.svg,#FF1759,41-9022.00,sales_icon
sales_icon.svg,#FF1759,41-2031.00,sales_icon
sales_icon.svg,#FF1759,41-3031.02,sales_icon
sales_icon.svg,#FF1759,41-3031.01,sales_icon
sales_icon.svg,#FF1759,41-9099.00,sales_icon
sales_icon.svg,#FF1759,41-9031.00,sales_icon
sales_icon.svg,#FF1759,41-3099.00,sales_icon
sales_icon.svg,#FF1759,41-4012.00,sales_icon
sales_icon.svg,#FF1759,41-4011.00,sales_icon
sales_icon.svg,#FF1759,41-3031.03,sales_icon
sales_icon.svg,#FF1759,41-3031.00,sales_icon
sales_icon.svg,#FF1759,41-4011.07,sales_icon
sales_icon.svg,#FF1759,41-9041.00,sales_icon
sales_icon.svg,#FF1759,41-3041.00,sales_icon
transportation_icon.svg,#F2D46F,53-2021.00,transportation_icon
transportation_icon.svg,#F2D46F,53-1011.00,transportation_icon
transportation_icon.svg,#F2D46F,53-2022.00,transportation_icon
transportation_icon.svg,#F2D46F,53-2011.00,transportation_icon
transportation_icon.svg,#F2D46F,53-3011.00,transportation_icon
transportation_icon.svg,#F2D46F,53-6031.00,transportation_icon
transportation_icon.svg,#F2D46F,53-6051.01,transportation_icon
transportation_icon.svg,#F2D46F,53-6011.00,transportation_icon
transportation_icon.svg,#F2D46F,53-3022.00,transportation_icon
transportation_icon.svg,#F2D46F,53-3021.00,transportation_icon
transportation_icon.svg,#F2D46F,53-5021.00,transportation_icon
transportation_icon.svg,#F2D46F,53-7061.00,transportation_icon
transportation_icon.svg,#F2D46F,53-2012.00,transportation_icon
transportation_icon.svg,#F2D46F,53-7011.00,transportation_icon
transportation_icon.svg,#F2D46F,53-7021.00,transportation_icon
transportation_icon.svg,#F2D46F,53-7031.00,transportation_icon
transportation_icon.svg,#F2D46F,53-3031.00,transportation_icon
transportation_icon.svg,#F2D46F,53-7032.00,transportation_icon
transportation_icon.svg,#F2D46F,53-1021.00,transportation_icon
transportation_icon.svg,#F2D46F,53-1031.00,transportation_icon
transportation_icon.svg,#F2D46F,53-2031.00,transportation_icon
transportation_icon.svg,#F2D46F,53-6051.08,transportation_icon
transportation_icon.svg,#F2D46F,53-7071.00,transportation_icon
transportation_icon.svg,#F2D46F,53-3032.00,transportation_icon
transportation_icon.svg,#F2D46F,53-7041.00,transportation_icon
transportation_icon.svg,#F2D46F,53-7051.00,transportation_icon
transportation_icon.svg,#F2D46F,53-7062.00,transportation_icon
transportation_icon.svg,#F2D46F,53-3033.00,transportation_icon
transportation_icon.svg,#F2D46F,53-7033.00,transportation_icon
transportation_icon.svg,#F2D46F,53-4011.00,transportation_icon
transportation_icon.svg,#F2D46F,53-4012.00,transportation_icon
transportation_icon.svg,#F2D46F,53-7063.00,transportation_icon
transportation_icon.svg,#F2D46F,53-7199.00,transportation_icon
transportation_icon.svg,#F2D46F,53-5021.02,transportation_icon
transportation_icon.svg,#F2D46F,53-7111.00,transportation_icon
transportation_icon.svg,#F2D46F,53-3099.00,transportation_icon
transportation_icon.svg,#F2D46F,53-5022.00,transportation_icon
transportation_icon.svg,#F2D46F,53-7064.00,transportation_icon
transportation_icon.svg,#F2D46F,53-6021.00,transportation_icon
transportation_icon.svg,#F2D46F,53-5021.03,transportation_icon
transportation_icon.svg,#F2D46F,53-7072.00,transportation_icon
transportation_icon.svg,#F2D46F,53-4099.00,transportation_icon
transportation_icon.svg,#F2D46F,53-4013.00,transportation_icon
transportation_icon.svg,#F2D46F,53-4021.00,transportation_icon
transportation_icon.svg,#F2D46F,53-4031.00,transportation_icon
transportation_icon.svg,#F2D46F,53-1021.01,transportation_icon
transportation_icon.svg,#F2D46F,53-7081.00,transportation_icon
transportation_icon.svg,#F2D46F,53-5011.00,transportation_icon
transportation_icon.svg,#F2D46F,53-5021.01,transportation_icon
transportation_icon.svg,#F2D46F,53-5031.00,transportation_icon
transportation_icon.svg,#F2D46F,53-4041.00,transportation_icon
transportation_icon.svg,#F2D46F,53-7121.00,transportation_icon
transportation_icon.svg,#F2D46F,53-3041.00,transportation_icon
transportation_icon.svg,#F2D46F,53-6041.00,transportation_icon
transportation_icon.svg,#F2D46F,53-6061.00,transportation_icon
transportation_icon.svg,#F2D46F,53-6051.00,transportation_icon
transportation_icon.svg,#F2D46F,53-6051.07,transportation_icon
transportation_icon.svg,#F2D46F,53-6099.00,transportation_icon
transportation_icon.svg,#F2D46F,53-7073.00,transportation_icon